{
  "packageName": "Tapo Plugs, Switches and Bulbs",
  "author": "David Gutheinz",
  "version": "2.3.7b",
  "minimumHEVersion": "2.3.6",
  "documentationLink": "https://raw.githubusercontent.com/DaveGut/tpLink_Hubitat/main/App/tapo_device_install.groovy",
  "communityLink": "https://community.hubitat.com/t/tp-link-tapo-devices/121084",
  "dateReleased": "2023-11-13",
  "releaseNotes": "Added ROBOVAC. Clean up of previous code, as required.",
  "licenseFile": "https://github.com/DaveGut/HubitatActive/blob/master/KasaDevices/License.md",
  "apps": [
    {
      "id": "79f31830-a697-40c5-9c87-76f9db0c63b7",
      "name": "tapo_device_install",
      "namespace": "davegut",
      "location": "https://raw.githubusercontent.com/DaveGut/tpLink_Hubitat/main/App/tapo_device_install.groovy",
      "required": true,
      "oauth": false,
      "primary": true
    }
  ],
  "drivers": [
    {
      "id": "da263b7d-5b17-468a-836e-86ef98b11187",
      "name": "Color Bulb",
      "namespace": "davegut",
      "location": "https://raw.githubusercontent.com/DaveGut/tpLink_Hubitat/main/Drivers/tpLink_bulb_color.groovy",
      "required": false
    },
    {
      "id": "53b8a000-57cc-4b31-bade-3b157b8774e9",
      "name": "Dimming Bulb",
      "namespace": "davegut",
      "location": "https://raw.githubusercontent.com/DaveGut/tpLink_Hubitat/main/Drivers/tpLink_bulb_dimmer.groovy",
      "required": false
    },
    {
      "id": "ec486eae-0c27-4e79-bcd2-77afbb4013f0",
      "name": "Light Strip",
      "namespace": "davegut",
      "location": "https://raw.githubusercontent.com/DaveGut/tpLink_Hubitat/main/Drivers/tpLink_bulb_lightStrip.groovy",
      "required": false
    },
    {
      "id": "17c01a4b-34f7-4cb5-b6e3-10f6259b06c2",
      "name": "HUB",
      "namespace": "davegut",
      "location": "https://raw.githubusercontent.com/DaveGut/tpLink_Hubitat/main/Drivers/tpLink_hub.groovy",
      "required": false
    },
    {
      "id": "b9c64b4a-8b7e-4aca-b575-c1248e7976b4",
      "name": "HUB-Button",
      "namespace": "davegut",
      "location": "https://raw.githubusercontent.com/DaveGut/tpLink_Hubitat/main/Drivers/tpLink_hub_button.groovy",
      "required": false
    },
    {
      "id": "504c09cc-d955-4b16-8baa-89ce9f4c4542",
      "name": "HUB-Contact Sensor",
      "namespace": "davegut",
      "location": "https://raw.githubusercontent.com/DaveGut/tpLink_Hubitat/main/Drivers/tpLink_hub_contact.groovy",
      "required": false
    },
    {
      "id": "09d5b8d6-d645-42f8-b982-2e113832841d",
      "name": "HUB-Motion Sensor",
      "namespace": "davegut",
      "location": "https://raw.githubusercontent.com/DaveGut/tpLink_Hubitat/main/Drivers/tpLink_hub_motion.groovy",
      "required": false
    },
    {
      "id": "52a4c55d-5e1b-4094-951d-1bfa6d760e61",
      "name": "HUB-Temp Humidity Sensor",
      "namespace": "davegut",
      "location": "https://raw.githubusercontent.com/DaveGut/tpLink_Hubitat/main/Drivers/tpLink_hub_tempHumidity.groovy",
      "required": false
    },
    {
      "id": "afdc84ce-c66e-46b9-a6c2-ea3a7e44a5c5",
      "name": "Plug-Switch",
      "namespace": "davegut",
      "location": "https://raw.githubusercontent.com/DaveGut/tpLink_Hubitat/main/Drivers/tpLink_plug.groovy",
      "required": false
    },
    {
      "id": "19a7fb5c-195f-4dbc-abdc-7bddff78c79d",
      "name": "Dimming Plug-Switch",
      "namespace": "davegut",
      "location": "https://raw.githubusercontent.com/DaveGut/tpLink_Hubitat/main/Drivers/tpLink_plug_dimmer.groovy",
      "required": false
    },
    {
      "id": "e3cd85e6-3da7-4576-a95a-f99ac0266b54",
      "name": "Energy Monitor Plug",
      "namespace": "davegut",
      "location": "https://raw.githubusercontent.com/DaveGut/tpLink_Hubitat/main/Drivers/tpLink_plug_em.groovy",
      "required": false
    },
    {
      "id": "0dc4415c-4f7d-4fc8-a8d3-ce9c14f86462",
      "name": "MultiPlug (requires child)",
      "namespace": "davegut",
      "location": "https://raw.githubusercontent.com/DaveGut/tpLink_Hubitat/main/Drivers/tpLink_plug_multi.groovy",
      "required": false
    },
    {
      "id": "136c0b05-d6d8-49bb-9177-16263786d290",
      "name": "MultiPlug Child",
      "namespace": "davegut",
      "location": "https://raw.githubusercontent.com/DaveGut/tpLink_Hubitat/main/Drivers/tpLink_plug_multi_child.groovy",
      "required": false
    }
  ]
}